{
  "parent": "minecraft:block/coarse_dirt",
  "overrides": [
    {
      "predicate": {
        "custom_model_data": 71001
      },
      "model": "titanbox:item/plain_filler_bot_parked"
    },
    {
      "predicate": {
        "custom_model_data": 71002
      },
      "model": "titanbox:item/plain_filler_center"
    },
    {
      "predicate": {
        "custom_model_data": 71003
      },
      "model": "titanbox:item/plain_filler_ne"
    },
    {
      "predicate": {
        "custom_model_data": 71004
      },
      "model": "titanbox:item/plain_filler_nw"
    },
    {
      "predicate": {
        "custom_model_data": 71005
      },
      "model": "titanbox:item/plain_filler_se"
    },
    {
      "predicate": {
        "custom_model_data": 71006
      },
      "model": "titanbox:item/plain_filler_sw"
    },
    {
      "predicate": {
        "custom_model_data": 71007
      },
      "model": "titanbox:item/plain_filler_bot_on"
    },
    {
      "predicate": {
        "custom_model_data": 71008
      },
      "model": "titanbox:item/plain_filler_bot_off"
    },
    {
      "predicate": {
        "custom_model_data": 71009
      },
      "model": "titanbox:gui/gui"
    },
    {
      "predicate": {
        "custom_model_data": 71010
      },
      "model": "titanbox:gui/guistop"
    },
    {
      "predicate": {
        "custom_model_data": 71011
      },
      "model": "titanbox:gui/guigo"
    },
    {
      "predicate": {
        "custom_model_data": 71012
      },
      "model": "titanbox:gui/guidown"
    },
    {
      "predicate": {
        "custom_model_data": 71013
      },
      "model": "titanbox:gui/guiup"
    },
    {
      "predicate": {
        "custom_model_data": 71014
      },
      "model": "titanbox:gui/guisizeincrease"
    },
    {
      "predicate": {
        "custom_model_data": 71015
      },
      "model": "titanbox:gui/guisizedecrease"
    },
    {
      "predicate": {
        "custom_model_data": 71016
      },
      "model": "titanbox:gui/guipattern"
    },
    {
      "predicate": {
        "custom_model_data": 71017
      },
      "model": "titanbox:gui/guiadmin"
    },
    {
      "predicate": {
        "custom_model_data": 71018
      },
      "model": "titanbox:gui/guiadmin_s"
    },
    {
      "predicate": {
        "custom_model_data": 71019
      },
      "model": "titanbox:gui/guiall"
    },
    {
      "predicate": {
        "custom_model_data": 71020
      },
      "model": "titanbox:gui/guiall_s"
    },
    {
      "predicate": {
        "custom_model_data": 71021
      },
      "model": "titanbox:gui/guimine"
    },
    {
      "predicate": {
        "custom_model_data": 71022
      },
      "model": "titanbox:gui/guimine_s"
    },
    {
      "predicate": {
        "custom_model_data": 71023
      },
      "model": "titanbox:gui/guiother"
    },
    {
      "predicate": {
        "custom_model_data": 71024
      },
      "model": "titanbox:gui/guiother_s"
    },
    {
      "predicate": {
        "custom_model_data": 71025
      },
      "model": "titanbox:gui/gui2"
    },
    {
      "predicate": {
        "custom_model_data": 71026
      },
      "model": "titanbox:item/processor"
    },
    {
      "predicate": {
        "custom_model_data": 71027
      },
      "model": "titanbox:item/iron_frame"
    }

  ]
}