{
	"credit": "Made with Blockbench",
	"textures": {
		"3": "block/telepa2",
		"particle": "block/telepa1"
	},
	"elements": [
		{
			"from": [0, 1.99, 0],
			"to": [16, 5.99, 16],
			"faces": {
				"north": {"uv": [7.8159, 4.27444, 9.77751, 5.34742], "texture": "#3"},
				"east": {"uv": [7.8555, 2.25463, 9.7379, 3.32762], "texture": "#3"},
				"south": {"uv": [7.8159, 4.27444, 9.77751, 5.34742], "texture": "#3"},
				"west": {"uv": [7.8555, 2.25463, 9.7379, 3.32762], "texture": "#3"},
				"up": {"uv": [4.01392, 3.36354, 5.97553, 5.54544], "texture": "#3"},
				"down": {"uv": [4.01392, 3.36354, 5.97553, 5.54544], "texture": "#3"}
			}
		}
	],
	"display": {
		"thirdperson_righthand": {
			"rotation": [75, 45, 0],
			"translation": [0, 2.5, 0],
			"scale": [0.375, 0.375, 0.375]
		},
		"thirdperson_lefthand": {
			"rotation": [75, 45, 0],
			"translation": [0, 2.5, 0],
			"scale": [0.375, 0.375, 0.375]
		},
		"firstperson_righthand": {
			"translation": [5.5, 4.25, 0]
		},
		"firstperson_lefthand": {
			"translation": [5.5, 4.25, 0]
		},
		"ground": {
			"translation": [0, 1, 0],
			"scale": [0.22, 0.22, 0.22]
		},
		"gui": {
			"rotation": [84, 0, 0],
			"translation": [0, 0.75, 0],
			"scale": [0.5, 0.5, 0.5]
		},
		"head": {
			"translation": [0, -35, 0],
			"scale": [1.65, 1, 1.65]
		},
		"fixed": {
			"rotation": [-90, 0, 0],
			"translation": [0, 0, -2.25],
			"scale": [0.5, 0.5, 0.5]
		}
	},
	"groups": [
		{
			"name": "wires",
			"origin": [8, 8, 8],
			"color": 0,
			"children": [0]
		}
	]
}