{
	"credit": "Made with Blockbench",
	"texture_size": [32, 32],
	"textures": {
		"1": "block/telepa1",
		"2": "block/telepa3",
		"3": "block/telepa2",
		"4": "block/telepa4",
		"5": "block/iron",
		"particle": "block/telepa1"
	},
	"elements": [
		{
			"name": "ironplate",
			"from": [0.5, 1.5, 0.5],
			"to": [15.5, 1.5, 15.5],
			"faces": {
				"north": {"uv": [0, 0, 8, 0], "texture": "#5"},
				"east": {"uv": [0, 0, 8, 0], "texture": "#5"},
				"south": {"uv": [0, 0, 8, 0], "texture": "#5"},
				"west": {"uv": [0, 0, 8, 0], "texture": "#5"},
				"up": {"uv": [8, 8, 0, 0], "texture": "#5"},
				"down": {"uv": [8, 8, 0, 16], "texture": "#5"}
			}
		},
		{
			"name": "center",
			"from": [5.5, -0.01, 5.5],
			"to": [10.5, 2.49, 10.5],
			"faces": {
				"north": {"uv": [10.59459, 8.27872, 11.41947, 8.8422], "texture": "#2"},
				"east": {"uv": [10.59459, 8.27872, 11.41947, 8.8422], "texture": "#2"},
				"south": {"uv": [10.59459, 8.27872, 11.41947, 8.8422], "texture": "#2"},
				"west": {"uv": [10.59459, 8.27872, 11.41947, 8.8422], "texture": "#2"},
				"up": {"uv": [3.45946, 3.95439, 10.98704, 9.92328], "texture": "#2"},
				"down": {"uv": [10.59459, 8.27872, 11.41947, 8.8422], "texture": "#2"}
			}
		},
		{
			"name": "south-west",
			"from": [0.5, -0.01, 10.5],
			"to": [5.5, 2.49, 15.5],
			"faces": {
				"north": {"uv": [7.8159, 4.27444, 9.77751, 5.34742], "texture": "#3"},
				"east": {"uv": [7.8555, 2.25463, 9.7379, 3.32762], "texture": "#3"},
				"south": {"uv": [7.8159, 4.27444, 9.77751, 5.34742], "texture": "#3"},
				"west": {"uv": [7.8555, 2.25463, 9.7379, 3.32762], "texture": "#3"},
				"up": {"uv": [4.01392, 3.36354, 5.97553, 5.54544], "texture": "#3"},
				"down": {"uv": [4.01392, 3.36354, 5.97553, 5.54544], "texture": "#3"}
			}
		},
		{
			"name": "south-east",
			"from": [10.5, -0.01, 10.5],
			"to": [15.5, 2.49, 15.5],
			"faces": {
				"north": {"uv": [7.8159, 4.27444, 9.77751, 5.34742], "texture": "#3"},
				"east": {"uv": [7.8555, 2.25463, 9.7379, 3.32762], "texture": "#3"},
				"south": {"uv": [7.8159, 4.27444, 9.77751, 5.34742], "texture": "#3"},
				"west": {"uv": [7.8555, 2.25463, 9.7379, 3.32762], "texture": "#3"},
				"up": {"uv": [4.01392, 3.36354, 5.97553, 5.54544], "texture": "#3"},
				"down": {"uv": [4.01392, 3.36354, 5.97553, 5.54544], "texture": "#3"}
			}
		},
		{
			"name": "north-east",
			"from": [10.5, -0.01, 0.5],
			"to": [15.5, 2.49, 5.5],
			"faces": {
				"north": {"uv": [7.8159, 4.27444, 9.77751, 5.34742], "texture": "#3"},
				"east": {"uv": [7.8555, 2.25463, 9.7379, 3.32762], "texture": "#3"},
				"south": {"uv": [7.8159, 4.27444, 9.77751, 5.34742], "texture": "#3"},
				"west": {"uv": [7.8555, 2.25463, 9.7379, 3.32762], "texture": "#3"},
				"up": {"uv": [4.01392, 3.36354, 5.97553, 5.54544], "texture": "#3"},
				"down": {"uv": [4.01392, 3.36354, 5.97553, 5.54544], "texture": "#3"}
			}
		},
		{
			"name": "north-west",
			"from": [0.5, -0.01, 0.5],
			"to": [5.5, 2.49, 5.5],
			"faces": {
				"north": {"uv": [7.8159, 4.27444, 9.77751, 5.34742], "texture": "#3"},
				"east": {"uv": [7.8555, 2.25463, 9.7379, 3.32762], "texture": "#3"},
				"south": {"uv": [7.8159, 4.27444, 9.77751, 5.34742], "texture": "#3"},
				"west": {"uv": [7.8555, 2.25463, 9.7379, 3.32762], "texture": "#3"},
				"up": {"uv": [4.01392, 3.36354, 5.97553, 5.54544], "texture": "#3"},
				"down": {"uv": [4.01392, 3.36354, 5.97553, 5.54544], "texture": "#3"}
			}
		},
		{
			"name": "north-west",
			"from": [-1, 0, -1],
			"to": [0.5, 3, 0.5],
			"faces": {
				"north": {"uv": [0.5, 0.5, 0.3125, 0.6875], "rotation": 270, "texture": "#1"},
				"east": {"uv": [0.5, 0.5, 0.3125, 0.6875], "rotation": 270, "texture": "#1"},
				"south": {"uv": [0.5, 0.5, 0.3125, 0.6875], "rotation": 270, "texture": "#1"},
				"west": {"uv": [0.5, 0.5, 0.3125, 0.6875], "rotation": 270, "texture": "#1"},
				"up": {"uv": [0.5, 0.5, 0.3125, 0.6875], "rotation": 270, "texture": "#1"},
				"down": {"uv": [0.5, 0.5, 0.3125, 0.6875], "rotation": 270, "texture": "#1"}
			}
		},
		{
			"name": "north-east",
			"from": [15.5, 0, -1],
			"to": [17, 3, 0.5],
			"faces": {
				"north": {"uv": [0.5, 0.5, 0.3125, 0.6875], "rotation": 270, "texture": "#1"},
				"east": {"uv": [0.5, 0.5, 0.3125, 0.6875], "rotation": 270, "texture": "#1"},
				"south": {"uv": [0.5, 0.5, 0.3125, 0.6875], "rotation": 270, "texture": "#1"},
				"west": {"uv": [0.5, 0.5, 0.3125, 0.6875], "rotation": 270, "texture": "#1"},
				"up": {"uv": [0.5, 0.5, 0.3125, 0.6875], "rotation": 270, "texture": "#1"},
				"down": {"uv": [0.5, 0.5, 0.3125, 0.6875], "rotation": 270, "texture": "#1"}
			}
		},
		{
			"name": "south-east",
			"from": [15.5, 0, 15.5],
			"to": [17, 3, 17],
			"faces": {
				"north": {"uv": [0.5, 0.5, 0.3125, 0.6875], "rotation": 270, "texture": "#1"},
				"east": {"uv": [0.5, 0.5, 0.3125, 0.6875], "rotation": 270, "texture": "#1"},
				"south": {"uv": [0.5, 0.5, 0.3125, 0.6875], "rotation": 270, "texture": "#1"},
				"west": {"uv": [0.5, 0.5, 0.3125, 0.6875], "rotation": 270, "texture": "#1"},
				"up": {"uv": [0.5, 0.5, 0.3125, 0.6875], "rotation": 270, "texture": "#1"},
				"down": {"uv": [0.5, 0.5, 0.3125, 0.6875], "rotation": 270, "texture": "#1"}
			}
		},
		{
			"name": "south-west",
			"from": [-1, 0, 15.5],
			"to": [0.5, 3, 17],
			"faces": {
				"north": {"uv": [0.5, 0.5, 0.3125, 0.6875], "rotation": 270, "texture": "#1"},
				"east": {"uv": [0.5, 0.5, 0.3125, 0.6875], "rotation": 270, "texture": "#1"},
				"south": {"uv": [0.5, 0.5, 0.3125, 0.6875], "rotation": 270, "texture": "#1"},
				"west": {"uv": [0.5, 0.5, 0.3125, 0.6875], "rotation": 270, "texture": "#1"},
				"up": {"uv": [0.5, 0.5, 0.3125, 0.6875], "rotation": 270, "texture": "#1"},
				"down": {"uv": [0.5, 0.5, 0.3125, 0.6875], "rotation": 270, "texture": "#1"}
			}
		},
		{
			"name": "east",
			"from": [13.5, 0, 7],
			"to": [15.5, 3, 9],
			"faces": {
				"north": {"uv": [7.71053, 0.55273, 15.29805, 6.88555], "texture": "#4"},
				"east": {"uv": [7.07687, 6.73095, 7.53567, 7.3608], "texture": "#4"},
				"south": {"uv": [0.10657, 0.55273, 7.69409, 6.88555], "texture": "#4"},
				"west": {"uv": [7.07687, 6.73095, 7.53567, 7.3608], "texture": "#4"},
				"up": {"uv": [0.10657, 0.55273, 7.69409, 6.88555], "texture": "#4"},
				"down": {"uv": [0.10657, 0.55273, 7.69409, 6.88555], "texture": "#4"}
			}
		},
		{
			"name": "north",
			"from": [7, 0, 0.75],
			"to": [9, 3, 2.75],
			"faces": {
				"north": {"uv": [7.07687, 6.73095, 7.53567, 7.3608], "texture": "#4"},
				"east": {"uv": [0.10657, 0.55273, 7.69409, 6.88555], "texture": "#4"},
				"south": {"uv": [7.07687, 6.73095, 7.53567, 7.3608], "texture": "#4"},
				"west": {"uv": [7.71053, 0.55273, 15.29805, 6.88555], "texture": "#4"},
				"up": {"uv": [0.26499, 7.52303, 7.85251, 13.85585], "texture": "#4"},
				"down": {"uv": [7.86895, 7.68145, 15.45647, 14.01427], "texture": "#4"}
			}
		},
		{
			"name": "south",
			"from": [7, 0, 13.5],
			"to": [9, 3, 15.5],
			"faces": {
				"north": {"uv": [7.07687, 6.73095, 7.53567, 7.3608], "texture": "#4"},
				"east": {"uv": [7.86895, 0.55273, 15.45647, 6.88555], "texture": "#4"},
				"south": {"uv": [7.07687, 6.73095, 7.53567, 7.3608], "texture": "#4"},
				"west": {"uv": [0.10657, 0.55273, 7.69409, 6.88555], "texture": "#4"},
				"up": {"uv": [7.71053, 7.52303, 15.29805, 13.85585], "texture": "#4"},
				"down": {"uv": [0.10657, 7.68145, 7.69409, 14.01427], "texture": "#4"}
			}
		},
		{
			"name": "west",
			"from": [0.5, 0, 7],
			"to": [2.5, 3, 9],
			"faces": {
				"north": {"uv": [0.10657, 0.55273, 7.69409, 6.88555], "texture": "#4"},
				"east": {"uv": [7.07687, 6.73095, 7.53567, 7.3608], "texture": "#4"},
				"south": {"uv": [7.86895, 0.39432, 15.45647, 6.72714], "texture": "#4"},
				"west": {"uv": [7.07687, 6.73095, 7.53567, 7.3608], "texture": "#4"},
				"up": {"uv": [7.86895, 0.55273, 15.45647, 6.88555], "texture": "#4"},
				"down": {"uv": [7.86895, 0.55273, 15.45647, 6.88555], "texture": "#4"}
			}
		},
		{
			"name": "north",
			"from": [0.5, 0, -1],
			"to": [15.5, 3, 0.5],
			"faces": {
				"north": {"uv": [0.25, 0, 1, 8.875], "rotation": 90, "texture": "#1"},
				"east": {"uv": [0.5, 0.5, 0.3125, 0.6875], "rotation": 270, "texture": "#1"},
				"south": {"uv": [0.25, 0, 1, 8.875], "rotation": 90, "texture": "#1"},
				"west": {"uv": [0.5, 0.5, 0.3125, 0.6875], "rotation": 270, "texture": "#1"},
				"up": {"uv": [1, 0, 0.25, 8.875], "rotation": 270, "texture": "#1"},
				"down": {"uv": [1, 0, 0.25, 8.875], "rotation": 270, "texture": "#1"}
			}
		},
		{
			"name": "south",
			"from": [0.5, 0, 15.5],
			"to": [15.5, 3, 17],
			"faces": {
				"north": {"uv": [0.25, 0, 1, 8.875], "rotation": 90, "texture": "#1"},
				"east": {"uv": [0.5, 0.5, 0.3125, 0.6875], "rotation": 270, "texture": "#1"},
				"south": {"uv": [0.25, 0, 1, 8.875], "rotation": 90, "texture": "#1"},
				"west": {"uv": [0.5, 0.5, 0.3125, 0.6875], "rotation": 270, "texture": "#1"},
				"up": {"uv": [1, 0, 0.25, 8.875], "rotation": 270, "texture": "#1"},
				"down": {"uv": [1, 0, 0.25, 8.875], "rotation": 270, "texture": "#1"}
			}
		},
		{
			"name": "east",
			"from": [15.5, 0, 0.5],
			"to": [17, 3, 15.5],
			"faces": {
				"north": {"uv": [0.5, 0.5, 0.3125, 0.6875], "rotation": 270, "texture": "#1"},
				"east": {"uv": [0.25, 0, 1, 8.875], "rotation": 90, "texture": "#1"},
				"south": {"uv": [0.5, 0.5, 0.3125, 0.6875], "rotation": 270, "texture": "#1"},
				"west": {"uv": [0.25, 0, 1, 8.875], "rotation": 90, "texture": "#1"},
				"up": {"uv": [1, 0, 0.25, 8.875], "rotation": 180, "texture": "#1"},
				"down": {"uv": [1, 0, 0.25, 8.875], "texture": "#1"}
			}
		},
		{
			"name": "weast",
			"from": [-1, 0, 0.5],
			"to": [0.5, 3, 15.5],
			"faces": {
				"north": {"uv": [0.5, 0.5, 0.3125, 0.6875], "rotation": 270, "texture": "#1"},
				"east": {"uv": [0.25, 0, 1, 8.875], "rotation": 90, "texture": "#1"},
				"south": {"uv": [0.5, 0.5, 0.3125, 0.6875], "rotation": 270, "texture": "#1"},
				"west": {"uv": [0.25, 0, 1, 8.875], "rotation": 90, "texture": "#1"},
				"up": {"uv": [1, 0, 0.25, 8.875], "rotation": 180, "texture": "#1"},
				"down": {"uv": [1, 0, 0.25, 8.875], "texture": "#1"}
			}
		}
	],
	"display": {
		"thirdperson_righthand": {
			"rotation": [75, 45, 0],
			"translation": [0, 2.5, 0],
			"scale": [0.375, 0.375, 0.375]
		},
		"thirdperson_lefthand": {
			"rotation": [75, 45, 0],
			"translation": [0, 2.5, 0],
			"scale": [0.375, 0.375, 0.375]
		},
		"firstperson_righthand": {
			"translation": [5.5, 4.25, 0]
		},
		"firstperson_lefthand": {
			"translation": [5.5, 4.25, 0]
		},
		"ground": {
			"translation": [0, 1, 0],
			"scale": [0.22, 0.22, 0.22]
		},
		"gui": {
			"rotation": [84, 0, 0],
			"translation": [0, 0.75, 0],
			"scale": [0.75, 0.75, 0.75]
		},
		"head": {
			"translation": [0, -35, 0],
			"scale": [1.65, 1, 1.65]
		},
		"fixed": {
			"rotation": [-90, 0, 0],
			"translation": [0, 0, -7.75]
		}
	},
	"groups": [
		{
			"name": "telepad",
			"origin": [8, 8, 8],
			"color": 0,
			"children": [
				{
					"name": "inside",
					"origin": [0, 0, 0],
					"color": 0,
					"children": [0, 1, 2, 3, 4, 5]
				},
				{
					"name": "frame",
					"origin": [0, 0, 0],
					"color": 0,
					"children": [
						{
							"name": "courner",
							"origin": [0, 0, 0],
							"color": 0,
							"children": [6, 7, 8, 9]
						},
						{
							"name": "arrows",
							"origin": [0, 0, 0],
							"color": 0,
							"children": [10, 11, 12, 13]
						},
						14,
						15,
						16,
						17
					]
				}
			]
		}
	]
}