{
	"credit": "Made with Blockbench",
	"textures": {
		"1": "block/telepa1",
		"2": "block/telepa3",
		"3": "block/telepa2",
		"4": "block/telepa4",
		"particle": "block/telepa1"
	},
	"elements": [
		{
			"from": [0, 0, 0],
			"to": [16, 2, 16],
			"faces": {
				"north": {"uv": [0.25, 0, 1, 8.875], "rotation": 90, "texture": "#1"},
				"east": {"uv": [1, 0, 0.25, 8.875], "rotation": 270, "texture": "#1"},
				"south": {"uv": [0.25, 0, 1, 8.875], "rotation": 90, "texture": "#1"},
				"west": {"uv": [1, 0, 0.25, 8.875], "rotation": 270, "texture": "#1"},
				"up": {"uv": [3.0099, 2.53465, 10.77228, 11.08911], "texture": "#3"},
				"down": {"uv": [3.0099, 2.05941, 10.77228, 11.08911], "texture": "#3"}
			}
		},
		{
			"from": [0, 2.01, 0],
			"to": [16, 2.01, 16],
			"faces": {
				"north": {"uv": [0.25, 0.0625, 9.07488, 8.8422], "texture": "#1"},
				"east": {"uv": [0.25, 0.0625, 9.07488, 8.8422], "texture": "#1"},
				"south": {"uv": [0.25, 0.0625, 9.07488, 8.8422], "texture": "#1"},
				"west": {"uv": [0.25, 0.0625, 9.07488, 8.8422], "texture": "#1"},
				"up": {"uv": [0.25, 0.0625, 9.07488, 8.8422], "texture": "#1"},
				"down": {"uv": [0.25, 0.0625, 9.07488, 8.8422], "texture": "#1"}
			}
		},
		{
			"from": [0, 1.99, 0],
			"to": [16, 1.99, 16],
			"faces": {
				"north": {"uv": [6.05405, 5.90034, 10.55461, 10.78815], "texture": "#2"},
				"east": {"uv": [6.05405, 5.90034, 10.55461, 10.78815], "texture": "#2"},
				"south": {"uv": [6.05405, 5.90034, 10.55461, 10.78815], "texture": "#2"},
				"west": {"uv": [6.05405, 5.90034, 10.55461, 10.78815], "texture": "#2"},
				"up": {"uv": [1.72973, 2.87331, 13.1492, 11.22058], "texture": "#2"},
				"down": {"uv": [6.05405, 5.90034, 10.55461, 10.78815], "texture": "#2"}
			}
		},
		{
			"from": [16, 0, 7],
			"to": [18, 2, 9],
			"faces": {
				"north": {"uv": [7.71053, 0.55273, 15.29805, 6.88555], "texture": "#4"},
				"east": {"uv": [7.07687, 6.73095, 7.53567, 7.3608], "texture": "#4"},
				"south": {"uv": [0.10657, 0.55273, 7.69409, 6.88555], "texture": "#4"},
				"west": {"uv": [7.07687, 6.73095, 7.53567, 7.3608], "texture": "#4"},
				"up": {"uv": [0.10657, 0.55273, 7.69409, 6.88555], "texture": "#4"},
				"down": {"uv": [0.10657, 0.55273, 7.69409, 6.88555], "texture": "#4"}
			}
		},
		{
			"from": [-2, 0, 7],
			"to": [0, 2, 9],
			"faces": {
				"north": {"uv": [0.10657, 0.55273, 7.69409, 6.88555], "texture": "#4"},
				"east": {"uv": [7.07687, 6.73095, 7.53567, 7.3608], "texture": "#4"},
				"south": {"uv": [7.86895, 0.39432, 15.45647, 6.72714], "texture": "#4"},
				"west": {"uv": [7.07687, 6.73095, 7.53567, 7.3608], "texture": "#4"},
				"up": {"uv": [7.86895, 0.55273, 15.45647, 6.88555], "texture": "#4"},
				"down": {"uv": [7.86895, 0.55273, 15.45647, 6.88555], "texture": "#4"}
			}
		},
		{
			"from": [7, 0, 16],
			"to": [9, 2, 18],
			"faces": {
				"north": {"uv": [7.07687, 6.73095, 7.53567, 7.3608], "texture": "#4"},
				"east": {"uv": [7.86895, 0.55273, 15.45647, 6.88555], "texture": "#4"},
				"south": {"uv": [7.07687, 6.73095, 7.53567, 7.3608], "texture": "#4"},
				"west": {"uv": [0.10657, 0.55273, 7.69409, 6.88555], "texture": "#4"},
				"up": {"uv": [7.71053, 7.52303, 15.29805, 13.85585], "texture": "#4"},
				"down": {"uv": [0.10657, 7.68145, 7.69409, 14.01427], "texture": "#4"}
			}
		},
		{
			"from": [7, 0, -2],
			"to": [9, 2, 0],
			"faces": {
				"north": {"uv": [7.07687, 6.73095, 7.53567, 7.3608], "texture": "#4"},
				"east": {"uv": [0.10657, 0.55273, 7.69409, 6.88555], "texture": "#4"},
				"south": {"uv": [7.07687, 6.73095, 7.53567, 7.3608], "texture": "#4"},
				"west": {"uv": [7.71053, 0.55273, 15.29805, 6.88555], "texture": "#4"},
				"up": {"uv": [0.26499, 7.52303, 7.85251, 13.85585], "texture": "#4"},
				"down": {"uv": [7.86895, 7.68145, 15.45647, 14.01427], "texture": "#4"}
			}
		}
	],
	"display": {
		"thirdperson_righthand": {
			"rotation": [75, 45, 0],
			"translation": [0, 2.5, 0],
			"scale": [0.375, 0.375, 0.375]
		},
		"thirdperson_lefthand": {
			"rotation": [75, 45, 0],
			"translation": [0, 2.5, 0],
			"scale": [0.375, 0.375, 0.375]
		},
		"firstperson_righthand": {
			"translation": [5.5, 4.25, 0]
		},
		"firstperson_lefthand": {
			"translation": [5.5, 4.25, 0]
		},
		"ground": {
			"translation": [0, 1, 0],
			"scale": [0.22, 0.22, 0.22]
		},
		"gui": {
			"rotation": [84, 0, 0],
			"translation": [0, 0.75, 0]
		},
		"head": {
			"translation": [0, -35, 0],
			"scale": [1.65, 1, 1.65]
		},
		"fixed": {
			"rotation": [-90, 0, 0],
			"translation": [0, 0, -7.75]
		}
	},
	"groups": [
		{
			"name": "telepad",
			"origin": [8, 8, 8],
			"color": 0,
			"children": [0, 1, 2, 3, 4, 5, 6]
		}
	]
}