{
	"credit": "Made with Blockbench",
	"textures": {
		"0": "titanbox:gui/anvil",
		"particle": "titanbox:gui/anvil"
	},
	"elements": [
		{
			"from": [0, 0, 0],
			"to": [16, 1, 16],
			"faces": {
				"north": {"uv": [13.625, 13.5, 16, 16], "texture": "#0"},
				"east": {"uv": [13.625, 13.5, 16, 16], "texture": "#0"},
				"south": {"uv": [13.625, 13.5, 16, 16], "texture": "#0"},
				"west": {"uv": [13.625, 13.5, 16, 16], "texture": "#0"},
				"up": {"uv": [1.8125, 2.9375, 2.625, 3.8125], "texture": "#0"},
				"down": {"uv": [13.625, 13.5, 16, 16], "texture": "#0"}
			}
		}
	],
	"gui_light": "front",
	"display": {
		"gui": {
			"rotation": [90, 0, 0],
			"scale": [1.12, 1, 1.12]
		}
	}
}