{
	"credit": "Made with Blockbench",
	"textures": {
		"0": "titanbox:gui/anvil",
		"1": "titanbox:gui/icons",
		"particle": "titanbox:gui/anvil"
	},
	"elements": [
		{
			"from": [0, 0, 0],
			"to": [16, 1, 16],
			"faces": {
				"north": {"uv": [13.625, 13.5, 16, 16], "texture": "#0"},
				"east": {"uv": [13.625, 13.5, 16, 16], "texture": "#0"},
				"south": {"uv": [13.625, 13.5, 16, 16], "texture": "#0"},
				"west": {"uv": [13.625, 13.5, 16, 16], "texture": "#0"},
				"up": {"uv": [13.3125, 6.875, 14.125, 7.75], "texture": "#0"},
				"down": {"uv": [13.625, 13.5, 16, 16], "texture": "#0"}
			}
		},
		{
			"from": [3, 0, 3],
			"to": [13, 2, 13],
			"faces": {
				"north": {"uv": [0, 0, 10, 2], "texture": "#missing"},
				"east": {"uv": [0, 0, 10, 2], "texture": "#missing"},
				"south": {"uv": [0, 0, 10, 2], "texture": "#missing"},
				"west": {"uv": [0, 0, 10, 2], "texture": "#missing"},
				"up": {"uv": [0, 4.2727, 16, 7.42422], "texture": "#1"},
				"down": {"uv": [0, 0, 10, 10], "texture": "#missing"}
			}
		},
		{
			"from": [1, 0, 0],
			"to": [16, 2, 2],
			"faces": {
				"north": {"uv": [0, 0, 10, 2], "texture": "#missing"},
				"east": {"uv": [0, 0, 10, 2], "texture": "#missing"},
				"south": {"uv": [0, 0, 10, 2], "texture": "#missing"},
				"west": {"uv": [0, 0, 10, 2], "texture": "#missing"},
				"up": {"uv": [4.23047, 6.6477, 4.91797, 6.98672], "texture": "#0"},
				"down": {"uv": [0, 0, 10, 10], "texture": "#missing"}
			}
		}
	],
	"gui_light": "front",
	"display": {
		"gui": {
			"rotation": [90, 0, 0],
			"scale": [1.12, 1, 1.12]
		}
	}
}