{
	"credit": "Made with Blockbench",
	"textures": {
		"2": "titanbox:block/telepa3",
		"particle": "titanbox:block/telepa1"
	},
	"elements": [
		{
			"from": [0, 1.99, 0],
			"to": [16, 5.99, 16],
			"faces": {
				"north": {"uv": [10.81081, 9.3598, 11.20326, 9.70707], "texture": "#2"},
				"east": {"uv": [10.81081, 9.3598, 11.20326, 9.70707], "texture": "#2"},
				"south": {"uv": [10.81081, 9.3598, 11.20326, 9.70707], "texture": "#2"},
				"west": {"uv": [10.81081, 9.3598, 11.20326, 9.70707], "texture": "#2"},
				"up": {"uv": [3.45946, 3.52196, 11.20325, 10.1395], "texture": "#2"},
				"down": {"uv": [10.81081, 9.3598, 11.20326, 9.70707], "texture": "#2"}
			}
		},
		{
			"from": [1, 2.99, 1],
			"to": [15, 6.99, 15],
			"faces": {
				"north": {"uv": [10.81081, 9.3598, 11.20326, 9.70707], "texture": "#2"},
				"east": {"uv": [10.81081, 9.3598, 11.20326, 9.70707], "texture": "#2"},
				"south": {"uv": [10.81081, 9.3598, 11.20326, 9.70707], "texture": "#2"},
				"west": {"uv": [10.81081, 9.3598, 11.20326, 9.70707], "texture": "#2"},
				"up": {"uv": [4.97297, 7.19764, 4.28433, 7.54491], "texture": "#2"},
				"down": {"uv": [10.81081, 9.3598, 11.20326, 9.70707], "texture": "#2"}
			}
		}
	],
	"display": {
		"thirdperson_righthand": {
			"rotation": [75, 45, 0],
			"translation": [0, 2.5, 0],
			"scale": [0.375, 0.375, 0.375]
		},
		"thirdperson_lefthand": {
			"rotation": [75, 45, 0],
			"translation": [0, 2.5, 0],
			"scale": [0.375, 0.375, 0.375]
		},
		"firstperson_righthand": {
			"translation": [5.5, 4.25, 0]
		},
		"firstperson_lefthand": {
			"translation": [5.5, 4.25, 0]
		},
		"ground": {
			"translation": [0, 1, 0],
			"scale": [0.22, 0.22, 0.22]
		},
		"gui": {
			"rotation": [84, 0, 0],
			"translation": [0, 0.75, 0],
			"scale": [0.5, 0.5, 0.5]
		},
		"head": {
			"translation": [0, -35, 0],
			"scale": [1.65, 1, 1.65]
		},
		"fixed": {
			"rotation": [-90, 0, 0],
			"translation": [0, 0, -2],
			"scale": [0.5, 0.5, 0.5]
		}
	},
	"groups": [
		{
			"name": "wires",
			"origin": [8, 8, 8],
			"color": 0,
			"children": [0, 1]
		}
	]
}