{
	"credit": "Made with Blockbench",
	"elements": [
		{
			"from": [7.5, 0, 7.5],
			"to": [8.5, 10, 8.5],
			"faces": {
				"north": {"uv": [2.00469, 3.9985, 3.95978, 8], "texture": "#sides"},
				"east": {"uv": [2.00469, 3.9985, 3.95978, 8], "texture": "#sides"},
				"south": {"uv": [2.00469, 3.9985, 3.95978, 8], "texture": "#sides"},
				"west": {"uv": [2.00469, 3.9985, 3.95978, 8], "texture": "#sides"},
				"up": {"uv": [2.00469, 3.9985, 3.95978, 4.0625], "texture": "#sides"},
				"down": {"uv": [2.00469, 3.9985, 3.95978, 4.0625], "texture": "#sides"}
			}
		},
		{
			"from": [7.5, 0, 7.5],
			"to": [8.5, 10, 8.5],
			"faces": {
				"north": {"uv": [2.00469, 3.9985, 3.95978, 8], "texture": "#sides"},
				"east": {"uv": [2.00469, 3.9985, 3.95978, 8], "texture": "#sides"},
				"south": {"uv": [2.00469, 3.9985, 3.95978, 8], "texture": "#sides"},
				"west": {"uv": [2.00469, 3.9985, 3.95978, 8], "texture": "#sides"},
				"up": {"uv": [2.00469, 3.9985, 3.95978, 4.0625], "texture": "#sides"},
				"down": {"uv": [2.00469, 3.9985, 3.95978, 4.0625], "texture": "#sides"}
			}
		},
		{
			"from": [3, 1, 10],
			"to": [13, 2, 20],
			"rotation": {"angle": -45, "axis": "x", "origin": [0, 0, 0]},
			"faces": {
				"north": {"uv": [2.00469, 3.9985, 3.95978, 4.0625], "texture": "#sides"},
				"east": {"uv": [2.00469, 3.9985, 3.95978, 4.0625], "texture": "#sides"},
				"south": {"uv": [2.00469, 3.9985, 3.95978, 4.0625], "texture": "#sides"},
				"west": {"uv": [2.00469, 3.9985, 3.95978, 4.0625], "texture": "#sides"},
				"up": {"uv": [0, 0, 16, 16], "rotation": 180, "texture": "#compass"},
				"down": {"uv": [2.00469, 3.9985, 3.95978, 4.0625], "texture": "#sides"}
			}
		},
		{
			"from": [2, 0, 2],
			"to": [14, 1, 14],
			"faces": {
				"north": {"uv": [2.00469, 3.9985, 3.95978, 4.0625], "texture": "#sides"},
				"east": {"uv": [2.00469, 3.9985, 3.95978, 4.0625], "texture": "#sides"},
				"south": {"uv": [2.00469, 3.9985, 3.95978, 4.0625], "texture": "#sides"},
				"west": {"uv": [2.00469, 3.9985, 3.95978, 4.0625], "texture": "#sides"},
				"up": {"uv": [2.00469, 3.9985, 3.95978, 8], "texture": "#sides"},
				"down": {"uv": [2.00469, 3.9985, 3.95978, 8], "texture": "#sides"}
			}
		}
	],
	"display": {
		"thirdperson_righthand": {
			"rotation": [0, -180, 0]
		},
		"thirdperson_lefthand": {
			"rotation": [0, -180, 0]
		},
		"firstperson_righthand": {
			"rotation": [0, -180, 0]
		},
		"firstperson_lefthand": {
			"rotation": [0, -180, 0]
		},
		"ground": {
			"scale": [0.5, 0.5, 0.51]
		},
		"gui": {
			"rotation": [0, -180, 0],
			"translation": [0, -1.75, 0],
			"scale": [0.75, 0.75, 0.75]
		},
		"head": {
			"translation": [0, -30.5, 0],
			"scale": [1.62, 1.6, 1.62]
		},
		"fixed": {
			"rotation": [-47, 0, 0],
			"translation": [0, -3.25, 0]
		}
	}
}