{
	"credit": "Made with Blockbench",
	"elements": [
		{
			"from": [4.5, 4.5, 4.5],
			"to": [11.5, 11.5, 11.5],
			"faces": {
				"north": {"uv": [0, 0, 16, 16], "texture": "#north"},
				"east": {"uv": [0, 0, 16, 16], "texture": "#robo"},
				"south": {"uv": [0, 0, 16, 16], "texture": "#south"},
				"west": {"uv": [0, 0, 16, 16], "texture": "#robo"},
				"up": {"uv": [0, 0, 16, 16], "texture": "#robo2"},
				"down": {"uv": [0, 0, 16, 16], "texture": "#robo2"}
			}
		},
		{
			"from": [7.75, 11.5, 7.75],
			"to": [8, 18.5, 8],
			"faces": {
				"north": {"uv": [0, 0, 16, 16], "texture": "#tower"},
				"east": {"uv": [0, 0, 16, 16], "texture": "#tower"},
				"south": {"uv": [0, 0, 16, 16], "texture": "#tower"},
				"west": {"uv": [0, 0, 16, 16], "texture": "#tower"},
				"up": {"uv": [0, 0, 16, 16], "texture": "#tower"},
				"down": {"uv": [0, 0, 16, 16], "texture": "#tower"}
			}
		},
		{
			"from": [7, 18, 7],
			"to": [9, 20, 9],
			"faces": {
				"north": {"uv": [0, 0, 16, 16], "texture": "#sides"},
				"east": {"uv": [0, 0, 16, 16], "texture": "#sides"},
				"south": {"uv": [0, 0, 16, 16], "texture": "#sides"},
				"west": {"uv": [0, 0, 16, 16], "texture": "#sides"},
				"up": {"uv": [0, 0, 16, 16], "texture": "#sides"},
				"down": {"uv": [0, 0, 16, 16], "texture": "#sides"}
			}
		},
		{
			"from": [0, 0, 0],
			"to": [16, 16.2, 16],
			"faces": {
				"north": {"uv": [0, 0, 16, 16], "texture": "#selecter"},
				"east": {"uv": [0, 0, 16, 16], "texture": "#selecter"},
				"south": {"uv": [0, 0, 16, 16], "texture": "#selecter"},
				"west": {"uv": [0, 0, 16, 16], "texture": "#selecter"},
				"up": {"uv": [0, 0, 16, 16], "texture": "#selecter"},
				"down": {"uv": [0, 0, 16, 16], "texture": "#selecter"}
			}
		}
	],
	"display": {
		"head": {
			"translation": [0, -30.5, 0],
			"scale": [1.62, 1.6, 1.62]
		}
	}
}