{
	"credit": "Made with Blockbench",
	"parent": "block/block",
	"texture_size": [64, 64],
	"textures": {
		"0": "titanbox:block/block",
		"particle": "titanbox:block/block"
	},
	"elements": [
		{
			"from": [0, 0, 0],
			"to": [16, 0, 16],
			"faces": {
				"north": {"uv": [6.3125, 0.625, 8.9375, 4.4375], "texture": "#0", "cullface": "south"},
				"east": {"uv": [6.3125, 0.625, 8.9375, 4.4375], "texture": "#0", "cullface": "south"},
				"south": {"uv": [6.3125, 0.625, 8.9375, 4.4375], "texture": "#0", "cullface": "south"},
				"west": {"uv": [6.3125, 0.625, 8.9375, 4.4375], "texture": "#0", "cullface": "south"},
				"up": {"uv": [6.3125, 0.625, 8.9375, 4.4375], "texture": "#0", "cullface": "south"},
				"down": {"uv": [6.3125, 0.625, 8.9375, 4.4375], "texture": "#0", "cullface": "south"}
			}
		},
		{
			"from": [16, 0, 0],
			"to": [16, 16, 16],
			"faces": {
				"north": {"uv": [6.3125, 0.625, 8.9375, 4.4375], "texture": "#0", "cullface": "south"},
				"east": {"uv": [6.3125, 0.625, 8.9375, 4.4375], "texture": "#0", "cullface": "south"},
				"south": {"uv": [6.3125, 0.625, 8.9375, 4.4375], "texture": "#0", "cullface": "south"},
				"west": {"uv": [6.3125, 0.625, 8.9375, 4.4375], "texture": "#0", "cullface": "south"},
				"up": {"uv": [6.3125, 0.625, 8.9375, 4.4375], "texture": "#0", "cullface": "south"},
				"down": {"uv": [6.3125, 0.625, 8.9375, 4.4375], "texture": "#0", "cullface": "south"}
			}
		},
		{
			"from": [-3.3125, -3.3125, 0],
			"to": [19.3125, 8, 16],
			"rotation": {"angle": 45, "axis": "z", "origin": [8, 8, 8]},
			"faces": {
				"north": {"uv": [0, 0, 16, 16], "texture": "#0"},
				"east": {"uv": [0, 10.4375, 4.25, 16], "texture": "#0"},
				"south": {"uv": [0, 0, 16, 16], "texture": "#0"},
				"west": {"uv": [0, 10.4375, 4.25, 16], "texture": "#0"},
				"up": {"uv": [5.1875, 0, 10.4375, 6.125], "texture": "#0"},
				"down": {"uv": [0, 10.4375, 4.25, 16], "texture": "#0"}
			}
		}
	],
	"display": {
		"thirdperson_lefthand": {
			"rotation": [75, -135, 0],
			"translation": [0, 2.5, 0],
			"scale": [0.375, 0.375, 0.375]
		},
		"gui": {
			"rotation": [30, 135, 0],
			"scale": [0.625, 0.625, 0.625]
		},
		"head": {
			"rotation": [0, -90, 0],
			"translation": [0, -30.5, 0],
			"scale": [1.6, 1.6, 1.6]
		}
	}
}